,image_id,bbox,score,category_id
0,NN,NN,NN,NN
1,230512_4-2-4.tif,"[1027.6841430664062, 973.5376892089844, 35.51322937011719, 17.765380859375]",0.7813668251037598,1
2,230512_4-2-4.tif,"[1246.0594787597656, 1484.7191162109375, 38.03082275390625, 21.12298583984375]",0.7127382755279541,1
3,230512_4-2-4.tif,"[557.065185546875, 1494.4403076171875, 31.560302734375, 32.1483154296875]",0.6785215139389038,1
4,230512_4-2-4.tif,"[927.8776245117188, 1000.47900390625, 36.514404296875, 22.1533203125]",0.6470728516578674,1
5,230512_4-2-4.tif,"[961.221923828125, 840.7559814453125, 32.0445556640625, 20.01123046875]",0.6393389105796814,1
6,230512_4-2-4.tif,"[1491.3390502929688, 1486.1934814453125, 41.3602294921875, 25.6065673828125]",0.6135514378547668,1
7,230512_4-2-4.tif,"[1705.6526489257812, 1440.2581787109375, 40.23211669921875, 28.3052978515625]",0.6120351552963257,1
8,230512_4-2-4.tif,"[0.0, 957.357177734375, 22.802467346191406, 43.46661376953125]",0.4756779968738556,1
