,image_id,bbox,score,category_id
0,NN,NN,NN,NN
1,230512_1-3-0.tif,"[665.1720886230469, 8098.151184082031, 98.0711669921875, 71.2730712890625]",0.569449245929718,0
2,230512_1-3-0.tif,"[729.6155395507812, 3346.04443359375, 302.34600830078125, 158.48046875]",0.358655720949173,1
