,image_id,bbox,score,category_id
0,NN,NN,NN,NN
1,230618_3-2-4.tif,"[5661.13067817688, 0.0, 48.90595817565918, 19.589475631713867]",0.37642475962638855,1
