,image_id,bbox,score,category_id
0,NN,NN,NN,NN
1,230621_1-3-0.tif,"[213.88824462890625, 7256.114501953125, 47.45654296875, 23.719482421875]",0.6862289905548096,1
2,230621_1-3-0.tif,"[1.522857666015625, 7006.0360107421875, 39.28575897216797, 38.8616943359375]",0.5922438502311707,1
3,230621_1-3-0.tif,"[1536.4039087295532, 6974.6834716796875, 11.728849411010742, 24.128173828125]",0.512013852596283,1
4,230621_1-3-0.tif,"[849.1034240722656, 8351.765991210938, 11.492919921875, 12.25421142578125]",0.2665018141269684,1
